{
  "v": "5.1.3",
  "fr": 29.9700012207031,
  "ip": 30.0000012219251,
  "op": 48.0000019550801,
  "w": 300,
  "h": 169,
  "nm": "Final Loop",
  "ddd": 0,
  "assets": [
    {
      "id": "comp_5",
      "layers": [
        {
          "ddd": 0,
          "ind": 1,
          "ty": 4,
          "nm": "Shape Layer 1",
          "sr": 1,
          "ks": {
            "o": {
              "a": 0,
              "k": 100,
              "ix": 11
            },
            "r": {
              "a": 0,
              "k": 0,
              "ix": 10
            },
            "p": {
              "a": 1,
              "k": [
                {
                  "i": {
                    "x": 0.833,
                    "y": 0.833
                  },
                  "o": {
                    "x": 0.167,
                    "y": 0.167
                  },
                  "n": "0p833_0p833_0p167_0p167",
                  "t": 0,
                  "s": [
                    34,
                    84,
                    0
                  ],
                  "e": [
                    266,
                    84,
                    0
                  ],
                  "to": [
                    38.6666679382324,
                    0,
                    0
                  ],
                  "ti": [
                    -38.6666679382324,
                    0,
                    0
                  ]
                },
                {
                  "t": 60.0000024438501
                }
              ],
              "ix": 2
            },
            "a": {
              "a": 0,
              "k": [
                4.249,
                8.249,
                0
              ],
              "ix": 1
            },
            "s": {
              "a": 1,
              "k": [
                {
                  "i": {
                    "x": [
                      0.745,
                      0.745,
                      0.667
                    ],
                    "y": [
                      1,
                      1,
                      1
                    ]
                  },
                  "o": {
                    "x": [
                      0.167,
                      0.167,
                      0.167
                    ],
                    "y": [
                      0.167,
                      0.167,
                      0
                    ]
                  },
                  "n": [
                    "0p745_1_0p167_0p167",
                    "0p745_1_0p167_0p167",
                    "0p667_1_0p167_0"
                  ],
                  "t": 0,
                  "s": [
                    0,
                    0,
                    100
                  ],
                  "e": [
                    100,
                    100,
                    100
                  ]
                },
                {
                  "i": {
                    "x": [
                      0.833,
                      0.833,
                      0.833
                    ],
                    "y": [
                      0.833,
                      0.833,
                      1
                    ]
                  },
                  "o": {
                    "x": [
                      0.237,
                      0.237,
                      0.333
                    ],
                    "y": [
                      0,
                      0,
                      0
                    ]
                  },
                  "n": [
                    "0p833_0p833_0p237_0",
                    "0p833_0p833_0p237_0",
                    "0p833_1_0p333_0"
                  ],
                  "t": 30,
                  "s": [
                    100,
                    100,
                    100
                  ],
                  "e": [
                    0,
                    0,
                    100
                  ]
                },
                {
                  "t": 60.0000024438501
                }
              ],
              "ix": 6
            }
          },
          "ao": 0,
          "shapes": [
            {
              "ty": "gr",
              "it": [
                {
                  "ind": 0,
                  "ty": "sh",
                  "ix": 1,
                  "ks": {
                    "a": 0,
                    "k": {
                      "i": [
                        [
                          18.087,
                          0
                        ],
                        [
                          0,
                          -18.087
                        ],
                        [
                          -18.087,
                          0
                        ],
                        [
                          0,
                          18.087
                        ]
                      ],
                      "o": [
                        [
                          -18.087,
                          0
                        ],
                        [
                          0,
                          18.087
                        ],
                        [
                          18.087,
                          0
                        ],
                        [
                          0,
                          -18.087
                        ]
                      ],
                      "v": [
                        [
                          0,
                          -32.749
                        ],
                        [
                          -32.749,
                          0
                        ],
                        [
                          0,
                          32.749
                        ],
                        [
                          32.749,
                          0
                        ]
                      ],
                      "c": true
                    },
                    "ix": 2
                  },
                  "nm": "Path 1",
                  "mn": "ADBE Vector Shape - Group",
                  "hd": false
                },
                {
                  "ty": "fl",
                  "c": {
                    "a": 0,
                    "k": [
                      0.984313725490196,
                      0.5176470588235295,
                      0.1803921568627451,
                      1
                    ],
                    "ix": 4
                  },
                  "o": {
                    "a": 0,
                    "k": 100,
                    "ix": 5
                  },
                  "r": 1,
                  "nm": "Fill 1",
                  "mn": "ADBE Vector Graphic - Fill",
                  "hd": false
                },
                {
                  "ty": "tr",
                  "p": {
                    "a": 0,
                    "k": [
                      4.249,
                      8.249
                    ],
                    "ix": 2
                  },
                  "a": {
                    "a": 0,
                    "k": [
                      0,
                      0
                    ],
                    "ix": 1
                  },
                  "s": {
                    "a": 0,
                    "k": [
                      100,
                      100
                    ],
                    "ix": 3
                  },
                  "r": {
                    "a": 0,
                    "k": 0,
                    "ix": 6
                  },
                  "o": {
                    "a": 0,
                    "k": 100,
                    "ix": 7
                  },
                  "sk": {
                    "a": 0,
                    "k": 0,
                    "ix": 4
                  },
                  "sa": {
                    "a": 0,
                    "k": 0,
                    "ix": 5
                  },
                  "nm": "Transform"
                }
              ],
              "nm": "Ellipse 1",
              "np": 2,
              "cix": 2,
              "ix": 1,
              "mn": "ADBE Vector Group",
              "hd": false
            }
          ],
          "ip": 0,
          "op": 60.0000024438501,
          "st": 0,
          "bm": 0
        }
      ]
    }
  ],
  "layers": [
    {
      "ddd": 0,
      "ind": 1,
      "ty": 0,
      "nm": "Balls",
      "refId": "comp_5",
      "sr": 1,
      "ks": {
        "o": {
          "a": 0,
          "k": 100,
          "ix": 11
        },
        "r": {
          "a": 0,
          "k": 0,
          "ix": 10
        },
        "p": {
          "a": 0,
          "k": [
            150,
            84.5,
            0
          ],
          "ix": 2
        },
        "a": {
          "a": 0,
          "k": [
            150,
            84.5,
            0
          ],
          "ix": 1
        },
        "s": {
          "a": 0,
          "k": [
            100,
            100,
            100
          ],
          "ix": 6
        }
      },
      "ao": 0,
      "w": 300,
      "h": 169,
      "ip": 36.0000014663101,
      "op": 936.000038124062,
      "st": 36.0000014663101,
      "bm": 0
    },
    {
      "ddd": 0,
      "ind": 2,
      "ty": 0,
      "nm": "Balls",
      "refId": "comp_5",
      "sr": 1,
      "ks": {
        "o": {
          "a": 0,
          "k": 100,
          "ix": 11
        },
        "r": {
          "a": 0,
          "k": 0,
          "ix": 10
        },
        "p": {
          "a": 0,
          "k": [
            150,
            84.5,
            0
          ],
          "ix": 2
        },
        "a": {
          "a": 0,
          "k": [
            150,
            84.5,
            0
          ],
          "ix": 1
        },
        "s": {
          "a": 0,
          "k": [
            100,
            100,
            100
          ],
          "ix": 6
        }
      },
      "ao": 0,
      "w": 300,
      "h": 169,
      "ip": 18.000000733155,
      "op": 918.000037390907,
      "st": 18.000000733155,
      "bm": 0
    },
    {
      "ddd": 0,
      "ind": 3,
      "ty": 0,
      "nm": "Balls",
      "refId": "comp_5",
      "sr": 1,
      "ks": {
        "o": {
          "a": 0,
          "k": 100,
          "ix": 11
        },
        "r": {
          "a": 0,
          "k": 0,
          "ix": 10
        },
        "p": {
          "a": 0,
          "k": [
            150,
            84.5,
            0
          ],
          "ix": 2
        },
        "a": {
          "a": 0,
          "k": [
            150,
            84.5,
            0
          ],
          "ix": 1
        },
        "s": {
          "a": 0,
          "k": [
            100,
            100,
            100
          ],
          "ix": 6
        }
      },
      "ao": 0,
      "w": 300,
      "h": 169,
      "ip": -18.000000733155,
      "op": 882.000035924596,
      "st": -18.000000733155,
      "bm": 0
    },
    {
      "ddd": 0,
      "ind": 4,
      "ty": 0,
      "nm": "Balls",
      "refId": "comp_5",
      "sr": 1,
      "ks": {
        "o": {
          "a": 0,
          "k": 100,
          "ix": 11
        },
        "r": {
          "a": 0,
          "k": 0,
          "ix": 10
        },
        "p": {
          "a": 0,
          "k": [
            150,
            84.5,
            0
          ],
          "ix": 2
        },
        "a": {
          "a": 0,
          "k": [
            150,
            84.5,
            0
          ],
          "ix": 1
        },
        "s": {
          "a": 0,
          "k": [
            100,
            100,
            100
          ],
          "ix": 6
        }
      },
      "ao": 0,
      "w": 300,
      "h": 169,
      "ip": 0,
      "op": 900.000036657751,
      "st": 0,
      "bm": 0
    }
  ],
  "markers": []
}